pharmacy,commercial_name,formal_name,registro_sanitario,price,currency,availability,url,sku,brand,source_strategy,scraped_at,stock,component_text,registro_sanitario_source,component_traceable
Boticas Peru,Vitamina E 400 Mg Vitavital Capsulas Blandas Frasco 60 Un,Vitamina E 400 Mg Vitavital Capsulas Blandas Frasco 60 Un,E-400,24.90,PEN,available,https://www.boticasperu.pe/nutricion/vitaminas_y_minerales/vitamina_e/vitamina_e_400_mg_vitavital_capsulas_blandas_-_frasco_60_un/46486.html,46486,,sfcc_search_update_grid,2026-06-08T00:55:36.668240+00:00,,Precio rebajado de S/ 24.90 a S/ 19.90 -20% Vitamina E 400 Mg VitaVital Cápsulas Blandas - Frasco 60 UN,search_tile_regex,false_no_component_match
Boticas Peru,Vitamina B12 Frasco 60 Un,Vitamina B12 Frasco 60 Un,,59.00,PEN,available,https://www.boticasperu.pe/nutricion/vitaminas_y_minerales/vitamina_b/vitamina_b12_-_frasco_60_un/38764.html,38764,,sfcc_search_update_grid,2026-06-08T00:55:36.668835+00:00,,S/ 59.00 Vitamina B12 - Frasco 60 UN,,false_no_registro_sanitario
Boticas Peru,Vitamina B 12 1000Mcg Caja 100 Un,Vitamina B 12 1000Mcg Caja 100 Un,,99.90,PEN,available,https://www.boticasperu.pe/nutricion/vitaminas_y_minerales/vitamina_b/vitamina_b-12_1000mcg__-_caja_100_un/28804.html,28804,,sfcc_search_update_grid,2026-06-08T00:55:36.669385+00:00,,S/ 99.90 Vitamina B-12 1000MCG - Caja 100 UN,,false_no_registro_sanitario
Boticas Peru,Vitamina E 400 Ui Capsula Blanda Caja 50 Un,Vitamina E 400 Ui Capsula Blanda Caja 50 Un,E-400,26.50,PEN,available,https://www.boticasperu.pe/nutricion/vitaminas_y_minerales/vitamina_e/vitamina_e_400_ui_capsula_blanda_-_caja_50_un/09970-CAJA.html,09970-CAJA,,sfcc_search_update_grid,2026-06-08T00:55:36.671088+00:00,,S/ 26.50 Vitamina E 400 Ui Cápsula Blanda - Caja 50 UN,search_tile_regex,false_no_component_match
Boticas Peru,Vitamina E 400 Ui Capsula Blanda Blister 10 Un,Vitamina E 400 Ui Capsula Blanda Blister 10 Un,E-400,5.30,PEN,available,https://www.boticasperu.pe/nutricion/vitaminas_y_minerales/vitamina_e/vitamina_e_400_ui_capsula_blanda_-_blister_10_un/09970-BLISTER.html,09970-BLISTER,,sfcc_search_update_grid,2026-06-08T00:55:36.671662+00:00,,S/ 5.30 Vitamina E 400 Ui Cápsula Blanda - Blister 10 UN,search_tile_regex,false_no_component_match
Boticas Peru,Redoxitos Total Gomitas Con Vitaminas Caja 10 Un,Redoxitos Total Gomitas Con Vitaminas Caja 10 Un,,33.00,PEN,available,https://www.boticasperu.pe/nutricion/vitaminas_y_minerales/vitamina_c/redoxitos_total_gomitas_con_vitaminas_-_caja_10_un/34505.html,34505,,sfcc_search_update_grid,2026-06-08T00:55:36.672216+00:00,,S/ 33.00 Redoxitos Total Gomitas Con Vitaminas - Caja 10 UN,,false_no_registro_sanitario
Boticas Peru,Vitamina A 10000 I.U Capsulas Frasco 100 Un,Vitamina A 10000 I.U Capsulas Frasco 100 Un,A-10000,47.00,PEN,available,https://www.boticasperu.pe/nutricion/vitaminas_y_minerales/vitamina_a/vitamina_a-10000_i.u_capsulas_-_frasco_100_un/09027.html,09027,,sfcc_search_update_grid,2026-06-08T00:55:36.672779+00:00,,S/ 47.00 Vitamina A-10000 I.U Cápsulas - Frasco 100 UN,search_tile_regex,false_no_component_match
Boticas Peru,Vitamina D3 400 I.U Frasco 100 Un,Vitamina D3 400 I.U Frasco 100 Un,,53.90,PEN,available,https://www.boticasperu.pe/nutricion/vitaminas_y_minerales/vitamina_d/vitamina_d3_400_i.u_-_frasco_100_un/14412.html,14412,,sfcc_search_update_grid,2026-06-08T00:55:36.674405+00:00,,S/ 53.90 Vitamina D3 400 I.U - Frasco 100 UN,,false_no_registro_sanitario
Boticas Peru,Calcio Citrato Con Vitamina D3 Frasco 60 Un,Calcio Citrato Con Vitamina D3 Frasco 60 Un,,71.50,PEN,available,https://www.boticasperu.pe/nutricion/vitaminas_y_minerales/vitamina_d/calcio_citrato_con_vitamina_d3_-_frasco_60_un/13554.html,13554,,sfcc_search_update_grid,2026-06-08T00:55:36.674955+00:00,,S/ 71.50 Calcio Citrato con Vitamina D3 - Frasco 60 UN,,false_no_registro_sanitario
Boticas Peru,Buk Cito Con Vitamina C Sobre 1 Un,Buk Cito Con Vitamina C Sobre 1 Un,,0.80,PEN,available,https://www.boticasperu.pe/nutricion/vitaminas_y_minerales/vitamina_c/buk-cito_con_vitamina_c_-_sobre_1_un/25480.html,25480,,sfcc_search_update_grid,2026-06-08T00:55:36.675503+00:00,,S/ 0.80 Buk-Cito Con Vitamina C - Sobre 1 UN,,false_no_registro_sanitario
Boticas Peru,Vitamina C 1000 Mg Tabletas Frasco 100 Un,Vitamina C 1000 Mg Tabletas Frasco 100 Un,,83.99,PEN,available,https://www.boticasperu.pe/nutricion/vitaminas_y_minerales/vitamina_c/vitamina_c_1000_mg_tabletas_-_frasco_100_un/03639.html,03639,,sfcc_search_update_grid,2026-06-08T00:55:36.676036+00:00,,S/ 83.99 Vitamina C 1000 Mg Tabletas - Frasco 100 UN,,false_no_registro_sanitario
Boticas Peru,Vitamina E 1000 I.U Capsulas Frasco 50 Un,Vitamina E 1000 I.U Capsulas Frasco 50 Un,E-1000,98.00,PEN,available,https://www.boticasperu.pe/nutricion/vitaminas_y_minerales/vitamina_e/vitamina_e_1000_i.u_capsulas_-_frasco_50_un/01966.html,01966,,sfcc_search_update_grid,2026-06-08T00:55:36.676588+00:00,,S/ 98.00 Vitamina E 1000 I.U Cápsulas - Frasco 50 UN,search_tile_regex,false_no_component_match
Boticas Peru,Vitamina E 400 I.U Capsulas Frasco 100 Un,Vitamina E 400 I.U Capsulas Frasco 100 Un,E-400,91.50,PEN,available,https://www.boticasperu.pe/nutricion/vitaminas_y_minerales/vitamina_e/vitamina_e_400_i.u_capsulas_-_frasco_100_un/01967.html,01967,,sfcc_search_update_grid,2026-06-08T00:55:36.677143+00:00,,S/ 91.50 Vitamina E 400 I.U Cápsulas - Frasco 100 UN,search_tile_regex,false_no_component_match
Boticas Peru,Vitamina E 400 I.U Capsulas Frasco 30 Un,Vitamina E 400 I.U Capsulas Frasco 30 Un,E-400,42.20,PEN,available,https://www.boticasperu.pe/nutricion/vitaminas_y_minerales/vitamina_e/vitamina_e_400_i.u_capsulas_-_frasco_30_un/38847.html,38847,,sfcc_search_update_grid,2026-06-08T00:55:36.678238+00:00,,S/ 42.20 Vitamina E 400 I.U Cápsulas - Frasco 30 UN,search_tile_regex,false_no_component_match
Boticas Peru,Perlas Con Aceite De Onagra %2B Vitamina E Pote 80 Un,Perlas Con Aceite De Onagra %2B Vitamina E Pote 80 Un,,83.90,PEN,available,https://www.boticasperu.pe/nutricion/vitaminas_y_minerales/vitamina_e/perlas_con_aceite_de_onagra_%2B_vitamina_e_-_pote_80_un/47434.html,47434,,sfcc_search_update_grid,2026-06-08T00:55:36.678807+00:00,,S/ 83.90 Perlas con Aceite de Onagra + Vitamina E - Pote 80 UN,,false_no_registro_sanitario
Boticas Peru,Gomitas Kids Vitamina C Y Zinc Gomitas Frasco 60 Un,Gomitas Kids Vitamina C Y Zinc Gomitas Frasco 60 Un,,37.00,PEN,available,https://www.boticasperu.pe/mama_y_bebe/vitaminas_ninos/gomitas/gomitas_kids_vitamina_c_y_zinc_gomitas_-_frasco_60_un/34621.html,34621,,sfcc_search_update_grid,2026-06-08T00:55:36.681038+00:00,,S/ 37.00 Gomitas Kids Vitamina C y Zinc Gomitas - Frasco 60 UN,,false_no_registro_sanitario
Boticas Peru,Vitamina E 1000 Iu Capsulas Blandas Frasco 60 Un,Vitamina E 1000 Iu Capsulas Blandas Frasco 60 Un,E-1000,89.90,PEN,available,https://www.boticasperu.pe/nutricion/vitaminas_y_minerales/vitamina_e/vitamina_e_1000_iu_capsulas_blandas_-_frasco_60_un/38588.html,38588,,sfcc_search_update_grid,2026-06-08T00:55:37.042329+00:00,,S/ 89.90 Vitamina E 1000 IU Cápsulas Blandas - Frasco 60 UN,search_tile_regex,false_no_component_match
Boticas Peru,Sundance Vitamina D3 2000 Iu Gomitas Frasco 48 Un,Sundance Vitamina D3 2000 Iu Gomitas Frasco 48 Un,,53.90,PEN,available,https://www.boticasperu.pe/nutricion/vitaminas_y_minerales/vitamina_d/sundance_vitamina_d3_2000_iu__gomitas__-_frasco_48_un/50470.html,50470,,sfcc_search_update_grid,2026-06-08T00:55:37.043237+00:00,,S/ 53.90 Sundance Vitamina D3 2000 IU Gomitas - Frasco 48 UN,,false_no_registro_sanitario
Boticas Peru,Eddad Vitamina E 400Ui Capsulas Blandas Caja 30 Un,Eddad Vitamina E 400Ui Capsulas Blandas Caja 30 Un,E-400UI,51.90,PEN,available,https://www.boticasperu.pe/nutricion/vitaminas_y_minerales/vitamina_e/eddad_vitamina_e_400ui_capsulas_blandas_-_caja_30_un/46882.html,46882,,sfcc_search_update_grid,2026-06-08T00:55:37.045039+00:00,,S/ 51.90 Eddad Vitamina E 400ui Cápsulas Blandas - Caja 30 UN,search_tile_regex,false_no_component_match
Boticas Peru,Melatonina %2B Vitamina B6 Solucion Oral Frasco 50 Ml,Melatonina %2B Vitamina B6 Solucion Oral Frasco 50 Ml,,40.10,PEN,available,https://www.boticasperu.pe/nutricion/vitaminas_y_minerales/vitamina_b/melatonina_%2B_vitamina_b6_solucion_oral_-_frasco_50_ml/48812.html,48812,,sfcc_search_update_grid,2026-06-08T00:55:37.046813+00:00,,S/ 40.10 Melatonina + Vitamina B6 Solución Oral - Frasco 50 ML,,false_no_registro_sanitario
Boticas Peru,Galleta Proteica Nutri H %2B Vitamina C Unidad 1 Un,Galleta Proteica Nutri H %2B Vitamina C Unidad 1 Un,,1.50,PEN,available,https://www.boticasperu.pe/mama_y_bebe/vitaminas_ninos/galletas_y_premezcla/galleta_proteica_nutri_h_%2B_vitamina_c_-_unidad_1_un/36882.html,36882,,sfcc_search_update_grid,2026-06-08T00:55:37.048552+00:00,,S/ 1.50 Galleta Proteica Nutri H + Vitamina C - Unidad 1 UN,,false_no_registro_sanitario
Boticas Peru,Melatonina %2B Vitamina B6 Kids Solucion Oral Frasco 50 Ml,Melatonina %2B Vitamina B6 Kids Solucion Oral Frasco 50 Ml,,40.05,PEN,available,https://www.boticasperu.pe/nutricion/vitaminas_y_minerales/vitamina_b/melatonina_%2B_vitamina_b6_kids_solucion_oral_-_frasco_50_ml/48813.html,48813,,sfcc_search_update_grid,2026-06-08T00:55:37.049412+00:00,,S/ 40.05 Melatonina + Vitamina B6 Kids Solución Oral - Frasco 50 ML,,false_no_registro_sanitario
Boticas Peru,Vitamina C %26 Zinc 1000 Mg Polvo Lata 300 G,Vitamina C %26 Zinc 1000 Mg Polvo Lata 300 G,,29.90,PEN,available,https://www.boticasperu.pe/nutricion/vitaminas_y_minerales/vitamina_c/vitamina_c_%26_zinc_1000_mg_polvo_-_lata_300_g/38862.html,38862,,sfcc_search_update_grid,2026-06-08T00:55:37.050277+00:00,,S/ 29.90 Vitamina C & Zinc 1000 Mg Polvo - Lata 300 G,,false_no_registro_sanitario
Boticas Peru,Suplemento Dietetico Vitamina E Finavida Capsulas Blandas Frasco 60 Un,Suplemento Dietetico Vitamina E Finavida Capsulas Blandas Frasco 60 Un,,35.00,PEN,available,https://www.boticasperu.pe/nutricion/vitaminas_y_minerales/vitamina_e/suplemento_dietetico_vitamina_e_finavida_capsulas_blandas_-_frasco_60_un/47134.html,47134,,sfcc_search_update_grid,2026-06-08T00:55:37.051173+00:00,,S/ 35.00 Suplemento Dietético Vitamina E FinaVida Cápsulas Blandas - Frasco 60 Un,,false_no_registro_sanitario
Boticas Peru,Calcio %2B Vitamina D3 German Energy Sabor Mandarina Tubo 20 Un,Calcio %2B Vitamina D3 German Energy Sabor Mandarina Tubo 20 Un,,15.20,PEN,available,https://www.boticasperu.pe/nutricion/vitaminas_y_minerales/calcio/calcio_%2B_vitamina_d3_german_energy_sabor_mandarina_-_tubo_20_un/47983.html,47983,,sfcc_search_update_grid,2026-06-08T00:55:37.051836+00:00,,S/ 15.20 Calcio + Vitamina D3 German Energy Sabor Mandarina - Tubo 20 UN,,false_no_registro_sanitario
Boticas Peru,Vitamina C %2B Zinc German Energy Sabor Naranja Tubo 20 Un,Vitamina C %2B Zinc German Energy Sabor Naranja Tubo 20 Un,,12.90,PEN,available,https://www.boticasperu.pe/nutricion/vitaminas_y_minerales/vitamina_c/vitamina_c_%2B_zinc_german_energy_sabor_naranja_-_tubo_20_un/37982.html,37982,,sfcc_search_update_grid,2026-06-08T00:55:37.052706+00:00,,S/ 12.90 Vitamina C + Zinc German Energy Sabor Naranja - Tubo 20 UN,,false_no_registro_sanitario
Boticas Peru,Vitamina C %2B Zinc %2B D3 German Energy Sabor Naranja Tubo 20 Un,Vitamina C %2B Zinc %2B D3 German Energy Sabor Naranja Tubo 20 Un,,13.90,PEN,available,https://www.boticasperu.pe/nutricion/vitaminas_y_minerales/vitamina_c/vitamina_c_%2B_zinc_%2B_d3_german_energy_sabor_naranja_-_tubo_20_un/37981.html,37981,,sfcc_search_update_grid,2026-06-08T00:55:37.053586+00:00,,S/ 13.90 Vitamina C + Zinc + D3 German Energy Sabor Naranja - Tubo 20 UN,,false_no_registro_sanitario
Boticas Peru,Vitamina D3 4000 Ui Capsulas Blandas Nutripharma Frasco 60 Un,Vitamina D3 4000 Ui Capsulas Blandas Nutripharma Frasco 60 Un,,87.50,PEN,available,https://www.boticasperu.pe/nutricion/vitaminas_y_minerales/vitamina_d3_4000_ui_capsulas_blandas_nutripharma_-_frasco_60_un/47087.html,47087,,sfcc_search_update_grid,2026-06-08T00:55:37.054443+00:00,,S/ 87.50 Vitamina D3 4000 UI Capsulas Blandas Nutripharma - Frasco 60 UN,,false_no_registro_sanitario
Boticas Peru,Hierro %2B Vitamina C German Energy Sabor Frutos Rojos Tubo 20 Un,Hierro %2B Vitamina C German Energy Sabor Frutos Rojos Tubo 20 Un,,16.90,PEN,available,https://www.boticasperu.pe/nutricion/vitaminas_y_minerales/vitamina_c/hierro_%2B_vitamina_c_german_energy_sabor_frutos_rojos_-_tubo_20_un/45482.html,45482,,sfcc_search_update_grid,2026-06-08T00:55:37.055331+00:00,,Precio rebajado de S/ 16.90 a S/ 13.50 -20% Hierro + Vitamina C German Energy Sabor Frutos Rojos - Tubo 20 UN,,false_no_registro_sanitario
Boticas Peru,Vitamina B12 3000 Mcg Tabletas Sublinguales Sabor Dulce Frasco 60 Un,Vitamina B12 3000 Mcg Tabletas Sublinguales Sabor Dulce Frasco 60 Un,,119.89,PEN,available,https://www.boticasperu.pe/nutricion/vitaminas_y_minerales/vitamina_b/vitamina_b12_3000_mcg_tabletas_sublinguales_sabor_dulce_-_frasco_60_un/49412.html,49412,,sfcc_search_update_grid,2026-06-08T00:55:37.056203+00:00,,S/ 119.89 Vitamina B12 3000 Mcg Tabletas Sublinguales Sabor Dulce - Frasco 60 UN,,false_no_registro_sanitario
Boticas Peru,Intimate Body Lotion Vitamina E Frasco 500 Ml,Intimate Body Lotion Vitamina E Frasco 500 Ml,,14.20,PEN,available,https://www.boticasperu.pe/cuidado_personal/corporal/intimate_body_lotion_vitamina_e-_frasco_500_ml/38842.html,38842,,sfcc_search_update_grid,2026-06-08T00:55:37.057949+00:00,,S/ 14.20 Intimate Body Lotion Vitamina E- Frasco 500 ml,,false_no_registro_sanitario
Boticas Peru,Intimate Body Lotion Vitamina A%26E Frasco 500 Ml,Intimate Body Lotion Vitamina A%26E Frasco 500 Ml,,14.60,PEN,available,https://www.boticasperu.pe/cuidado_personal/corporal/intimate_body_lotion_vitamina_a%26e_-_frasco_500_ml/38843.html,38843,,sfcc_search_update_grid,2026-06-08T00:55:37.058822+00:00,,S/ 14.60 Intimate Body Lotion Vitamina A&E - frasco 500 ml,,false_no_registro_sanitario
Boticas Peru,Acondicionador Sedal Acido Hialuronico %2B Vitamina A Frasco 340 Ml,Acondicionador Sedal Acido Hialuronico %2B Vitamina A Frasco 340 Ml,,12.40,PEN,available,https://www.boticasperu.pe/cuidado_personal/cabello/acondicionador/sedal/acondicionador_sedal_acido_hialuronico_%2B_vitamina_a_-_frasco_340_ml/37315.html,37315,,sfcc_search_update_grid,2026-06-08T00:55:37.059726+00:00,,Precio rebajado de S/ 12.40 a S/ 11.50 -7% Acondicionador Sedal Ácido Hialuronico + Vitamina A - Frasco 340 Ml,,false_no_registro_sanitario
Boticas Peru,Propiel Vitamina C 10%25 Serum Frasco 50 Ml,Propiel Vitamina C 10%25 Serum Frasco 50 Ml,,120.00,PEN,available,https://www.boticasperu.pe/cuidado_personal/facial/serum/propiel_vitamina_c_10%25_serum_-_frasco_50_ml/49513.html,49513,,sfcc_search_update_grid,2026-06-08T00:55:37.060592+00:00,,S/ 120.00 Propiel Vitamina C 10% Serum - Frasco 50 ML,,false_no_registro_sanitario
Boticas Peru,Atache Cvital Serum Vitamina C Frasco 30 Ml,Atache Cvital Serum Vitamina C Frasco 30 Ml,,188.10,PEN,available,https://www.boticasperu.pe/dermocosmetica/faciales/serum/atache_cvital_serum_vitamina_c_-_frasco_30_ml/50695.html,50695,,sfcc_search_update_grid,2026-06-08T00:55:37.061435+00:00,,Nuevo S/ 188.10 Atache CVital Serum Vitamina C - Frasco 30 Ml,,false_no_registro_sanitario
Boticas Peru,Serum Antioxidante Pure Vitamina C10 Frasco 30 Ml,Serum Antioxidante Pure Vitamina C10 Frasco 30 Ml,,205.90,PEN,available,https://www.boticasperu.pe/dermocosmetica/faciales/piel_sensible/serum/serum_antioxidante_pure_vitamina_c10_-_frasco_30_ml/42093.html,42093,,sfcc_search_update_grid,2026-06-08T00:55:37.062300+00:00,,S/ 205.90 Sérum Antioxidante Pure Vitamina C10 - Frasco 30 Ml,,false_no_registro_sanitario
Boticas Peru,Duo Pack Vitamina C %2B Zinc German Energy Sabor Naranja Tubo 20 Un,Duo Pack Vitamina C %2B Zinc German Energy Sabor Naranja Tubo 20 Un,,25.80,PEN,available,https://www.boticasperu.pe/promociones/super_packs/duo_pack_vitamina_c_%2B_zinc_german_energy_sabor_naranja_-_tubo_20_un/37982-37982.html,37982-37982,,sfcc_search_update_grid,2026-06-08T00:55:37.424271+00:00,,Precio rebajado de S/ 25.80 a S/ 21.90 -15% Dúo Pack Vitamina C + Zinc German Energy Sabor Naranja - Tubo 20 UN,,false_no_registro_sanitario
Boticas Peru,Limpiador Facial Pond%27S Hydra Active Acido Hialuronico %2B Vitamina B3 Frasco 200 Ml,Limpiador Facial Pond%27S Hydra Active Acido Hialuronico %2B Vitamina B3 Frasco 200 Ml,,24.90,PEN,available,https://www.boticasperu.pe/cuidado_personal/facial/limpiador_facial_pond%27s_hydra_active_acido_hialuronico_%2B_vitamina_b3_-_frasco_200_ml/49332.html,49332,,sfcc_search_update_grid,2026-06-08T00:55:37.425237+00:00,,Precio rebajado de S/ 24.90 a S/ 19.90 -20% Limpiador Facial Pond's Hydra Active Ácido Hialurónico + Vitamina B3 - Frasco 200 ML,,false_no_registro_sanitario
Boticas Peru,Gomitas Multivitaminico Eat It%21 Sabor Pina Frasco 60 Un,Gomitas Multivitaminico Eat It%21 Sabor Pina Frasco 60 Un,,49.00,PEN,available,https://www.boticasperu.pe/nutricion/vitaminas_y_minerales/vitamina_c/gomitas_multivitaminico_eat_it%21_sabor_pina_-_frasco_60_un/45748.html,45748,,sfcc_search_update_grid,2026-06-08T00:55:37.426143+00:00,,S/ 49.00 Gomitas Multivitamínico EAT IT! Sabor Piña - Frasco 60 UN,,false_no_registro_sanitario
Boticas Peru,Gummix Gomitas Energia Multivitaminico Ninos Frasco 90 Un,Gummix Gomitas Energia Multivitaminico Ninos Frasco 90 Un,,49.90,PEN,available,https://www.boticasperu.pe/nutricion/vitaminas_y_minerales/multivitaminicos/gummix_gomitas_energia_multivitaminico_ninos_-_frasco_90_un/47895.html,47895,,sfcc_search_update_grid,2026-06-08T00:55:37.438141+00:00,,S/ 49.90 Gummix Gomitas Energia Multivitaminico Niños - Frasco 90 UN,,false_no_registro_sanitario
Boticas Peru,Acido Folico 0.5Mg Tableta Caja 100 Un,Acido Folico 0.5Mg Tableta Caja 100 Un,,6.90,PEN,available,https://www.boticasperu.pe/nutricion/vitaminas_y_minerales/vitamina_b/acido_folico_0.5mg_tableta_-_caja_100_un/14828.html,14828,,sfcc_search_update_grid,2026-06-08T00:55:37.439653+00:00,,S/ 6.90 Acido Folico 0.5Mg Tableta - Caja 100 UN,,false_no_registro_sanitario
Boticas Peru,Memovital B12 Frasco 120 Ml,Memovital B12 Frasco 120 Ml,,28.00,PEN,available,https://www.boticasperu.pe/nutricion/vitaminas_y_minerales/vitamina_b/memovital_b12_-frasco_120_ml/19008.html,19008,,sfcc_search_update_grid,2026-06-08T00:55:37.815717+00:00,,S/ 28.00 Memovital B12 -Frasco 120 Ml,,false_no_registro_sanitario
Boticas Peru,Redozinc Tubo 10 Un,Redozinc Tubo 10 Un,,9.90,PEN,available,https://www.boticasperu.pe/nutricion/vitaminas_y_minerales/vitamina_c/redozinc_-_tubo_10_un/35940-TUBO.html,35940-TUBO,,sfcc_search_update_grid,2026-06-08T00:55:37.818263+00:00,,S/ 9.90 Redozinc - Tubo 10 UN,,false_no_registro_sanitario
Boticas Peru,Redozinc Caja 10 Tubos,Redozinc Caja 10 Tubos,,99.00,PEN,available,https://www.boticasperu.pe/nutricion/vitaminas_y_minerales/vitamina_c/redozinc_-_caja_10_tubos/35940-CAJA.html,35940-CAJA,,sfcc_search_update_grid,2026-06-08T00:55:37.827487+00:00,,S/ 99.00 Redozinc - Caja 10 tubos,,false_no_registro_sanitario
Boticas Peru,Gomitas De Hierro Eat It%21 Sabor Fresa Frasco 60 Un,Gomitas De Hierro Eat It%21 Sabor Fresa Frasco 60 Un,,49.00,PEN,available,https://www.boticasperu.pe/nutricion/vitaminas_y_minerales/vitamina_c/gomitas_de_hierro_eat_it%21_sabor_fresa_-_frasco_60_un/45747.html,45747,,sfcc_search_update_grid,2026-06-08T00:55:38.198718+00:00,,S/ 49.00 Gomitas de Hierro EAT IT! Sabor Fresa - Frasco 60 UN,,false_no_registro_sanitario
Boticas Peru,Suplemento Dietetico B 12 1000Mcg Finavida Tabletas Frasco 60 Un,Suplemento Dietetico B 12 1000Mcg Finavida Tabletas Frasco 60 Un,,29.90,PEN,available,https://www.boticasperu.pe/nutricion/vitaminas_y_minerales/vitamina_b/suplemento_dietetico_b-12_1000mcg_finavida_tabletas_-_frasco_60_un/47130.html,47130,,sfcc_search_update_grid,2026-06-08T00:55:38.566266+00:00,,S/ 29.90 Suplemento Dietético B-12 1000mcg FinaVida Tabletas - Frasco 60 Un,,false_no_registro_sanitario
Boticas Peru,Gomitas Kids Multivitamin Gomitas Frasco 60 Un,Gomitas Kids Multivitamin Gomitas Frasco 60 Un,,37.00,PEN,available,https://www.boticasperu.pe/nutricion/vitaminas_y_minerales/multivitaminicos/gomitas_kids_multivitamin_gomitas_-_frasco_60_un/34622.html,34622,,sfcc_search_update_grid,2026-06-08T00:55:38.573267+00:00,,S/ 37.00 Gomitas Kids Multivitamin Gomitas - Frasco 60 UN,,false_no_registro_sanitario
Boticas Peru,Neuro Complex B1%2C B6 Y B12 Con Acido Alfa Lipoico Frasco 60 Un,Neuro Complex B1%2C B6 Y B12 Con Acido Alfa Lipoico Frasco 60 Un,,74.90,PEN,available,https://www.boticasperu.pe/nutricion/vitaminas_y_minerales/vitamina_b/neuro_complex_b1%2C_b6_y_b12_con_acido_alfa_lipoico_-_frasco_60_un/49416.html,49416,,sfcc_search_update_grid,2026-06-08T00:55:38.577394+00:00,,"S/ 74.90 Neuro Complex B1, B6 y B12 Con Acido Alfa Lipoico - Frasco 60 UN",,false_no_registro_sanitario
Boticas Peru,Forticao Chocolate Hierro Heminico Frasco 40 Un,Forticao Chocolate Hierro Heminico Frasco 40 Un,,72.90,PEN,available,https://www.boticasperu.pe/nutricion/vitaminas_y_minerales/forticao_chocolate_hierro_heminico_-_frasco_40_un/35551.html,35551,,sfcc_search_update_grid,2026-06-08T00:55:39.344476+00:00,,S/ 72.90 Forticao Chocolate Hierro Hemínico - Frasco 40 UN,,false_no_registro_sanitario
Boticas Peru,Hierronim 100Mg%2F5 Ml Caja 5 Un,Hierronim 100Mg%2F5 Ml Caja 5 Un,,90.00,PEN,available,https://www.boticasperu.pe/nutricion/vitaminas_y_minerales/hierro/hierronim_100mg%2F5_ml__-_caja_5_un/33177.html,33177,,sfcc_search_update_grid,2026-06-08T00:55:39.347034+00:00,,S/ 90.00 Hierronim 100mg/5 ml - Caja 5 UN,,false_no_registro_sanitario
Boticas Peru,Fortikids Zinc Frasco 180 Ml,Fortikids Zinc Frasco 180 Ml,,29.90,PEN,available,https://www.boticasperu.pe/mama_y_bebe/vitaminas_ninos/fortikids_zinc_-_frasco_180_ml/42634.html,42634,,sfcc_search_update_grid,2026-06-08T00:55:39.347908+00:00,,Precio rebajado de S/ 29.90 a S/ 23.90 -20% Fortikids Zinc - Frasco 180 ML,,false_no_registro_sanitario
Boticas Peru,Forticao Polvo Hierro Heminico Frasco 80 G,Forticao Polvo Hierro Heminico Frasco 80 G,,62.80,PEN,available,https://www.boticasperu.pe/nutricion/vitaminas_y_minerales/forticao_polvo_hierro_heminico__-_frasco_80_g/31391.html,31391,,sfcc_search_update_grid,2026-06-08T00:55:39.715210+00:00,,S/ 62.80 Forticao Polvo Hierro Hemínico - Frasco 80 G,,false_no_registro_sanitario
Boticas Peru,Ashwagandha Capsulas Keto Drasanvi Frasco 60 Un,Ashwagandha Capsulas Keto Drasanvi Frasco 60 Un,,69.50,PEN,available,https://www.boticasperu.pe/nutricion/vitaminas_y_minerales/ashwagandha_capsulas_keto_drasanvi_-_frasco_60_un/48814.html,48814,,sfcc_search_update_grid,2026-06-08T00:55:39.716106+00:00,,S/ 69.50 Ashwagandha Cápsulas Keto Drasanvi - Frasco 60 UN,,false_no_registro_sanitario
Boticas Peru,Melatonina 3Mg Tableta Caja 30 Un,Melatonina 3Mg Tableta Caja 30 Un,,24.90,PEN,available,https://www.boticasperu.pe/nutricion/vitaminas_y_minerales/melatonina_3mg_tableta_-_caja_30_un/47164.html,47164,,sfcc_search_update_grid,2026-06-08T00:55:39.722095+00:00,,S/ 24.90 Melatonina 3mg Tableta - Caja 30 UN,,false_no_registro_sanitario
Boticas Peru,Vitatrum Multivitamin %26 Multimineral Frasco 30 Un,Vitatrum Multivitamin %26 Multimineral Frasco 30 Un,,37.90,PEN,available,https://www.boticasperu.pe/nutricion/vitaminas_y_minerales/vitatrum_multivitamin_%26_multimineral_-_frasco_30_un/46766.html,46766,,sfcc_search_update_grid,2026-06-08T00:55:40.096518+00:00,,S/ 37.90 Vitatrum Multivitamin & Multimineral - Frasco 30 UN,,false_no_registro_sanitario
Boticas Peru,Creatina Monohidratada Sachet 20 Un,Creatina Monohidratada Sachet 20 Un,,31.50,PEN,available,https://www.boticasperu.pe/nutricion/vitaminas_y_minerales/creatina_monohidratada_-_sachet_20_un/50161.html,50161,,sfcc_search_update_grid,2026-06-08T00:55:40.100073+00:00,,Precio rebajado de S/ 31.50 a S/ 28.30 -10% Creatina Monohidratada - Sachet 20 UN,,false_no_registro_sanitario
Boticas Peru,Sundance Kids Multivitaminas Gomitas Frasco 60 Un,Sundance Kids Multivitaminas Gomitas Frasco 60 Un,,63.50,PEN,available,https://www.boticasperu.pe/nutricion/vitaminas_y_minerales/multivitaminicos/sundance_kids_multivitaminas_gomitas_-_frasco_60_un/50468.html,50468,,sfcc_search_update_grid,2026-06-08T00:55:40.105218+00:00,,S/ 63.50 Sundance Kids Multivitaminas Gomitas - Frasco 60 UN,,false_no_registro_sanitario
Boticas Peru,Helix Colageno Hidrolizado Capsulas Pack 3 Un,Helix Colageno Hidrolizado Capsulas Pack 3 Un,,221.11,PEN,available,https://www.boticasperu.pe/nutricion/colageno/helix_colageno_hidrolizado_capsulas_-_pack_3_un/34832.html,34832,,sfcc_search_update_grid,2026-06-08T00:55:40.107814+00:00,,S/ 221.11 Helix Colageno Hidrolizado Cápsulas - Pack 3 UN,,false_no_registro_sanitario
Boticas Peru,Multivitaminico Varimine Stress Caja 20 Un,Multivitaminico Varimine Stress Caja 20 Un,,63.00,PEN,available,https://www.boticasperu.pe/nutricion/vitaminas_y_minerales/multivitaminicos/multivitaminico_varimine_stress__-_caja_20_un/03195.html,03195,,sfcc_search_update_grid,2026-06-08T00:55:40.110388+00:00,,S/ 63.00 Multivitaminico Varimine Stress - Caja 20 UN,,false_no_registro_sanitario
Boticas Peru,Inositol Arandanos Selenio 30G Frasco 60 Un,Inositol Arandanos Selenio 30G Frasco 60 Un,,54.90,PEN,available,https://www.boticasperu.pe/nutricion/vitaminas_y_minerales/inositol_arandanos_selenio_30g__-_frasco_60_un/49598.html,49598,,sfcc_search_update_grid,2026-06-08T00:55:40.115577+00:00,,S/ 54.90 Inositol arándanos selenio 30g - Frasco 60 UN,,false_no_registro_sanitario
Boticas Peru,Acido Folico 0.5Mg Caja 30Un,Acido Folico 0.5Mg Caja 30Un,,4.00,PEN,available,https://www.boticasperu.pe/mama_y_bebe/nutricion_madre/vitaminas/acido_folico_0.5mg__-_caja_30un/34655.html,34655,,sfcc_search_update_grid,2026-06-08T00:55:40.481691+00:00,,S/ 4.00 Ácido Folico 0.5mg - Caja 30UN,,false_no_registro_sanitario
Boticas Peru,Multivitaminico Vitatrum %26 Multimineral Frasco 130 Un,Multivitaminico Vitatrum %26 Multimineral Frasco 130 Un,,81.90,PEN,available,https://www.boticasperu.pe/nutricion/vitaminas_y_minerales/multivitaminico_vitatrum_%26_multimineral_-_frasco_130_un/27056.html,27056,,sfcc_search_update_grid,2026-06-08T00:55:40.484325+00:00,,S/ 81.90 Multivitamínico Vitatrum & Multimineral - Frasco 130 UN,,false_no_registro_sanitario
Boticas Peru,Citrato De Calcio 750 Mg %2B Vit D3 400 Ui Vitavital Capsulas Blandas Frasco 60 Un,Citrato De Calcio 750 Mg %2B Vit D3 400 Ui Vitavital Capsulas Blandas Frasco 60 Un,,44.79,PEN,available,https://www.boticasperu.pe/nutricion/vitaminas_y_minerales/calcio/citrato_de_calcio_750_mg_%2B_vit_d3_400_ui_vitavital_capsulas_blandas_-_frasco_60_un/46511.html,46511,,sfcc_search_update_grid,2026-06-08T00:55:40.490237+00:00,,Precio rebajado de S/ 44.79 a S/ 35.80 -20% Citrato de Calcio 750 Mg + Vit D3 400 UI VitaVital Cápsulas Blandas - Frasco 60 UN,,false_no_registro_sanitario
Boticas Peru,Colageno Con Cartilago De Tiburon Frasco 80 Gr,Colageno Con Cartilago De Tiburon Frasco 80 Gr,,25.00,PEN,available,https://www.boticasperu.pe/nutricion/productos_naturales/colageno_con_cartilago_de_tiburon_-_frasco_80_gr/45589.html,45589,,sfcc_search_update_grid,2026-06-08T00:55:40.497870+00:00,,S/ 25.00 Colágeno Con Cartilago De Tiburón - Frasco 80 Gr,,false_no_registro_sanitario
Boticas Peru,Bisglicinato De Hierro 100 Mg Comprimidos Frasco 90 Un,Bisglicinato De Hierro 100 Mg Comprimidos Frasco 90 Un,,45.50,PEN,available,https://www.boticasperu.pe/nutricion/vitaminas_y_minerales/hierro/bisglicinato_de_hierro_100_mg_comprimidos_-_frasco_90_un/48818.html,48818,,sfcc_search_update_grid,2026-06-08T00:55:40.866883+00:00,,S/ 45.50 Bisglicinato De Hierro 100 Mg Comprimidos - Frasco 90 UN,,false_no_registro_sanitario
Boticas Peru,Mineral De Calcio %2B D3 %2B K2 Comprimidos Frasco 90 Un,Mineral De Calcio %2B D3 %2B K2 Comprimidos Frasco 90 Un,,58.60,PEN,available,https://www.boticasperu.pe/nutricion/vitaminas_y_minerales/calcio/mineral_de_calcio_%2B_d3_%2B_k2_comprimidos_-_frasco_90_un/48819.html,48819,,sfcc_search_update_grid,2026-06-08T00:55:40.870289+00:00,,S/ 58.60 Mineral De Calcio + D3 + K2 Comprimidos - Frasco 90 UN,,false_no_registro_sanitario
Boticas Peru,Gomitas Probioticos Y Prebioticos Eat It%21 Sabor Frambuesa Frasco 60 Un,Gomitas Probioticos Y Prebioticos Eat It%21 Sabor Frambuesa Frasco 60 Un,,49.00,PEN,available,https://www.boticasperu.pe/nutricion/vitaminas_y_minerales/gomitas_probioticos_y_prebioticos_eat_it%21_sabor_frambuesa_-_frasco_60_un/46273.html,46273,,sfcc_search_update_grid,2026-06-08T00:55:41.252638+00:00,,S/ 49.00 Gomitas Probióticos y Prebióticos EAT IT! Sabor Frambuesa - Frasco 60 UN,,false_no_registro_sanitario
Boticas Peru,Zinc Zinki Max Sabor Naranja Pote 300 G,Zinc Zinki Max Sabor Naranja Pote 300 G,,29.90,PEN,available,https://www.boticasperu.pe/nutricion/vitaminas_y_minerales/zinc/zinc_zinki_max_sabor_naranja_-_pote_300_g/36660.html,36660,,sfcc_search_update_grid,2026-06-08T00:55:41.257874+00:00,,S/ 29.90 Zinc Zinki Max Sabor Naranja - Pote 300 G,,false_no_registro_sanitario
Boticas Peru,Vitavital Probioticos Con Prebioticos 10 Billion Cfu Frasco 60 Capsulas,Vitavital Probioticos Con Prebioticos 10 Billion Cfu Frasco 60 Capsulas,,99.00,PEN,available,https://www.boticasperu.pe/nutricion/vitaminas_y_minerales/prebioticos/vitavital_probioticos_con_prebioticos_10_billion_cfu-_frasco_60_capsulas/50744.html,50744,,sfcc_search_update_grid,2026-06-08T00:55:41.258790+00:00,,NUEVO S/ 99.00 Vitavital Probióticos con Prebióticos 10 Billion CFU- Frasco 60 cápsulas,,false_no_registro_sanitario
Boticas Peru,Colageno Hidrolizado Camu Camu Polvo Pote 500 G,Colageno Hidrolizado Camu Camu Polvo Pote 500 G,,100.50,PEN,available,https://www.boticasperu.pe/nutricion/colageno/colageno_hidrolizado_camu_camu_polvo_-_pote_500_g/26798.html,26798,,sfcc_search_update_grid,2026-06-08T00:55:41.259661+00:00,,S/ 100.50 Colageno Hidrolizado Camu Camu Polvo - Pote 500 G,,false_no_registro_sanitario
Boticas Peru,Colageno Ragazza Polvo Pote 330 G,Colageno Ragazza Polvo Pote 330 G,,75.90,PEN,available,https://www.boticasperu.pe/nutricion/colageno/colageno_ragazza_polvo_-_pote_330_g/35212.html,35212,,sfcc_search_update_grid,2026-06-08T00:55:41.621009+00:00,,S/ 75.90 Colágeno Ragazza Polvo - Pote 330 G,,false_no_registro_sanitario
Boticas Peru,Vitavital Ashwagandha 400 Mg Capsulas Frasco 60 Un,Vitavital Ashwagandha 400 Mg Capsulas Frasco 60 Un,,54.90,PEN,available,https://www.boticasperu.pe/nutricion/vitaminas_y_minerales/magnesio/vitavital_ashwagandha_400_mg_capsulas_-_frasco_60_un/47857.html,47857,,sfcc_search_update_grid,2026-06-08T00:55:41.625115+00:00,,S/ 54.90 VitaVital Ashwagandha 400 Mg Cápsulas - Frasco 60 Un,,false_no_registro_sanitario
Boticas Peru,Solucion Inyectable Aneurin B12 20000%2C 20%2C000 Mcg%2F2Ml Caja 1 Un,Solucion Inyectable Aneurin B12 20000%2C 20%2C000 Mcg%2F2Ml Caja 1 Un,,25.90,PEN,available,https://www.boticasperu.pe/nutricion/vitaminas_y_minerales/solucion_inyectable_aneurin_b12_20000%2C_20%2C000_mcg%2F2ml_-_caja_1_un/42435.html,42435,,sfcc_search_update_grid,2026-06-08T00:55:41.632924+00:00,,"S/ 25.90 Solución Inyectable Aneurin B12 20000, 20,000 mcg/2mL - Caja 1 UN",,false_no_registro_sanitario
Boticas Peru,Colageno Ragazza Polvo Pote 500 G,Colageno Ragazza Polvo Pote 500 G,,100.90,PEN,available,https://www.boticasperu.pe/nutricion/colageno/colageno_ragazza_polvo_-_pote_500_g/35209.html,35209,,sfcc_search_update_grid,2026-06-08T00:55:41.633786+00:00,,S/ 100.90 Colágeno Ragazza Polvo - Pote 500 G,,false_no_registro_sanitario
Boticas Peru,Infanzia Infavit Multivitaminico Solucion Oral Frasco 30 Ml,Infanzia Infavit Multivitaminico Solucion Oral Frasco 30 Ml,,37.60,PEN,available,https://www.boticasperu.pe/mama_y_bebe/vitaminas_ninos/infanzia_infavit_multivitaminico_solucion_oral_-_frasco_30_ml/43882.html,43882,,sfcc_search_update_grid,2026-06-08T00:55:41.636352+00:00,,S/ 37.60 Infanzia Infavit Multivitamínico Solución Oral - Frasco 30 ML,,false_no_registro_sanitario
Boticas Peru,Gomitas Melatonina Eat It%21 Sabor Manzana Frasco 60 Un,Gomitas Melatonina Eat It%21 Sabor Manzana Frasco 60 Un,,49.00,PEN,available,https://www.boticasperu.pe/nutricion/vitaminas_y_minerales/mejor_sueno/gomitas_melatonina_eat_it%21_sabor_manzana_-_frasco_60_un/46222.html,46222,,sfcc_search_update_grid,2026-06-08T00:55:41.637216+00:00,,S/ 49.00 Gomitas Melatonina EAT IT! Sabor Manzana - Frasco 60 UN,,false_no_registro_sanitario
Boticas Peru,Colageno Hidrolizado Flex Active Sabor Naranja Nutripharma Frasco 450 G,Colageno Hidrolizado Flex Active Sabor Naranja Nutripharma Frasco 450 G,,187.00,PEN,available,https://www.boticasperu.pe/nutricion/vitaminas_y_minerales/colageno_hidrolizado_flex_active_sabor_naranja_nutripharma_-_frasco_450_g/48496.html,48496,,sfcc_search_update_grid,2026-06-08T00:55:41.993522+00:00,,S/ 187.00 Colágeno hidrolizado Flex Active Sabor Naranja Nutripharma - Frasco 450 G,,false_no_registro_sanitario
Boticas Peru,Multivitaminas %2B Minerales German Energy Sabor Naranja Tubo 20 Un,Multivitaminas %2B Minerales German Energy Sabor Naranja Tubo 20 Un,,15.20,PEN,available,https://www.boticasperu.pe/nutricion/vitaminas_y_minerales/calcio/multivitaminas_%2B_minerales_german_energy_sabor_naranja_-_tubo_20_un/47215.html,47215,,sfcc_search_update_grid,2026-06-08T00:55:41.997013+00:00,,Precio rebajado de S/ 15.20 a S/ 12.20 -20% Multivitaminas + Minerales German Energy Sabor Naranja - Tubo 20 UN,,false_no_registro_sanitario
Boticas Peru,Colageno Hidrolizado Con Resveratrol Sabor Frutos Del Bosque Pote 300 G,Colageno Hidrolizado Con Resveratrol Sabor Frutos Del Bosque Pote 300 G,,92.00,PEN,available,https://www.boticasperu.pe/nutricion/vitaminas_y_minerales/colageno_hidrolizado_con_resveratrol_sabor_frutos_del_bosque_-_pote_300_g/49249.html,49249,,sfcc_search_update_grid,2026-06-08T00:55:42.003070+00:00,,S/ 92.00 Colágeno Hidrolizado Con Resveratrol Sabor Frutos Del Bosque - Pote 300 G,,false_no_registro_sanitario
Boticas Peru,Abc Complete Men%C2%B4S Multivitamin %26 Mineral Formula Frasco 60 Un,Abc Complete Men%C2%B4S Multivitamin %26 Mineral Formula Frasco 60 Un,,69.90,PEN,available,https://www.boticasperu.pe/promociones/nutricion/vitaminas_y_minerales/abc_complete_men%C2%B4s_multivitamin_%26_mineral_formula_-_frasco_60_un/47834.html,47834,,sfcc_search_update_grid,2026-06-08T00:55:42.003955+00:00,,S/ 69.90 ABC Complete Men´s multivitamin & Mineral Formula - Frasco 60 UN,,false_no_registro_sanitario
Boticas Peru,Probioticos Acidof %26 Bifid Masticable Sabor Fresa Frasco 30 Un,Probioticos Acidof %26 Bifid Masticable Sabor Fresa Frasco 30 Un,,64.90,PEN,available,https://www.boticasperu.pe/nutricion/vitaminas_y_minerales/magnesio/probioticos_acidof_%26_bifid_masticable_sabor_fresa_-_frasco_30_un/49417.html,49417,,sfcc_search_update_grid,2026-06-08T00:55:42.004824+00:00,,S/ 64.90 Probioticos Acidof & Bifid Masticable Sabor Fresa - Frasco 30 UN,,false_no_registro_sanitario
Boticas Peru,Suplemento Dietetico Folic Acid Finavida Tabletas Recubiertas Frasco 60 Un,Suplemento Dietetico Folic Acid Finavida Tabletas Recubiertas Frasco 60 Un,,23.00,PEN,available,https://www.boticasperu.pe/nutricion/vitaminas_y_minerales/suplemento_dietetico_folic_acid_finavida_tabletas_recubiertas_-_frasco_60_un/47133.html,47133,,sfcc_search_update_grid,2026-06-08T00:55:42.005703+00:00,,S/ 23.00 Suplemento Dietético Folic Acid FinaVida Tabletas Recubiertas - Frasco 60 Un,,false_no_registro_sanitario
Boticas Peru,Gomitas De Colageno Hidrolizado Eat It%21 Sabor Uva Frasco 60 Un,Gomitas De Colageno Hidrolizado Eat It%21 Sabor Uva Frasco 60 Un,,49.00,PEN,available,https://www.boticasperu.pe/nutricion/vitaminas_y_minerales/zinc/gomitas_de_colageno_hidrolizado_eat_it%21_sabor_uva_-_frasco_60_un/45746.html,45746,,sfcc_search_update_grid,2026-06-08T00:55:42.009108+00:00,,S/ 49.00 Gomitas de Colágeno Hidrolizado EAT IT! Sabor Uva - Frasco 60 UN,,false_no_registro_sanitario
Boticas Peru,Gummix Gomitas Energia Multivitaminico %2B Energia Para Adultos Frasco 90 Un,Gummix Gomitas Energia Multivitaminico %2B Energia Para Adultos Frasco 90 Un,,49.90,PEN,available,https://www.boticasperu.pe/nutricion/vitaminas_y_minerales/multivitaminicos/gummix_gomitas_energia_multivitaminico_%2B_energia_para_adultos_-_frasco_90_un/47953.html,47953,,sfcc_search_update_grid,2026-06-08T00:55:42.009978+00:00,,S/ 49.90 Gummix Gomitas Energia Multivitaminico + Energia Para Adultos - Frasco 90 UN,,false_no_registro_sanitario
Boticas Peru,Colageno Hidrolizado Camu Camu Sobre 1 Un,Colageno Hidrolizado Camu Camu Sobre 1 Un,,2.50,PEN,available,https://www.boticasperu.pe/nutricion/colageno/colageno_hidrolizado_camu_camu_-_sobre_1_un/32021-BLISTER.html,32021-BLISTER,,sfcc_search_update_grid,2026-06-08T00:55:42.012539+00:00,,S/ 2.50 Colageno Hidrolizado Camu Camu - Sobre 1 UN,,false_no_registro_sanitario
Boticas Peru,Calcio Nf C Polvo Marino Sabor Vainilla Frasco 300 G,Calcio Nf C Polvo Marino Sabor Vainilla Frasco 300 G,,80.00,PEN,available,https://www.boticasperu.pe/nutricion/vitaminas_y_minerales/calcio/calcio_nf_c_polvo_marino_sabor_vainilla_-_frasco_300_g/48613.html,48613,,sfcc_search_update_grid,2026-06-08T00:55:42.365368+00:00,,S/ 80.00 Calcio NF C Polvo Marino Sabor Vainilla - Frasco 300 G,,false_no_registro_sanitario
Boticas Peru,Infanzia Infavit Hierro 40 Mg%2Fml Solucion Oral Frasco 30 Ml,Infanzia Infavit Hierro 40 Mg%2Fml Solucion Oral Frasco 30 Ml,,42.10,PEN,available,https://www.boticasperu.pe/mama_y_bebe/vitaminas_ninos/infanzia_infavit_hierro_40_mg%2Fml_solucion_oral-_frasco_30_ml/43881.html,43881,,sfcc_search_update_grid,2026-06-08T00:55:42.369801+00:00,,S/ 42.10 Infanzia Infavit Hierro 40 Mg/Ml Solución Oral- Frasco 30 ml,,false_no_registro_sanitario
Boticas Peru,Colageno Hidrolizado Camu Camu Caja 30 Sobres,Colageno Hidrolizado Camu Camu Caja 30 Sobres,,75.00,PEN,available,https://www.boticasperu.pe/nutricion/colageno/colageno_hidrolizado_camu_camu_-_caja_30_sobres/32021-CAJA.html,32021-CAJA,,sfcc_search_update_grid,2026-06-08T00:55:42.371562+00:00,,S/ 75.00 Colageno Hidrolizado Camu Camu - Caja 30 sobres,,false_no_registro_sanitario
Boticas Peru,Vitavital Colagein Sabor Maracuya Frasco 450 G %2B Citrato De Calcio 750 Mg Pack 2 Un,Vitavital Colagein Sabor Maracuya Frasco 450 G %2B Citrato De Calcio 750 Mg Pack 2 Un,,154.80,PEN,available,https://www.boticasperu.pe/nutricion/vitaminas_y_minerales/vitavital_colagein_sabor_maracuya_frasco_450_g_%2B_citrato_de_calcio_750_mg_-_pack_2_un/47860-46511.html,47860-46511,,sfcc_search_update_grid,2026-06-08T00:55:42.680782+00:00,,Precio rebajado de S/ 154.80 a S/ 120.00 -22% VitaVital Colagein Sabor Maracuya Frasco 450 G + Citrato de Calcio 750 Mg - Pack 2 UN,,false_no_registro_sanitario
Boticas Peru,Acido Folico 800Mg Vitavital Capsulas Frasco 100 Un,Acido Folico 800Mg Vitavital Capsulas Frasco 100 Un,,31.92,PEN,available,https://www.boticasperu.pe/nutricion/vitaminas_y_minerales/acido_folico_800mg_vitavital_capsulas_-_frasco_100_un/46483.html,46483,,sfcc_search_update_grid,2026-06-08T00:55:42.681723+00:00,,Precio rebajado de S/ 31.92 a S/ 25.50 -20% Ácido Fólico 800mg VitaVital Cápsulas - Frasco 100 Un,,false_no_registro_sanitario
Boticas Peru,Colageno 250 Mg Vitavital Capsulas Blandas Frasco 60 Un,Colageno 250 Mg Vitavital Capsulas Blandas Frasco 60 Un,,51.20,PEN,available,https://www.boticasperu.pe/nutricion/vitaminas_y_minerales/colageno_250_mg_vitavital_capsulas_blandas_-_frasco_60_un/46484.html,46484,,sfcc_search_update_grid,2026-06-08T00:55:42.682657+00:00,,Precio rebajado de S/ 51.20 a S/ 41.00 -20% Colágeno 250 Mg VitaVital Cápsulas Blandas - Frasco 60 UN,,false_no_registro_sanitario
Boticas Peru,Vitavital Colagein Sabor Naranja Frasco 450 G %26 Citrato De Calcio 750 Mg %2B Vit D3 400 Ui Pack 2 Un,Vitavital Colagein Sabor Naranja Frasco 450 G %26 Citrato De Calcio 750 Mg %2B Vit D3 400 Ui Pack 2 Un,,154.80,PEN,available,https://www.boticasperu.pe/promociones/super_packs/vitavital_colagein_sabor_naranja_frasco_450_g_%26_citrato_de_calcio_750_mg_%2B_vit_d3_400_ui_-_pack_2_un/46572-46511.html,46572-46511,,sfcc_search_update_grid,2026-06-08T00:55:42.685376+00:00,,Precio rebajado de S/ 154.80 a S/ 120.00 -22% VitaVital Colagein Sabor Naranja Frasco 450 G & Citrato de Calcio 750 Mg + Vit D3 400 UI - Pack 2 UN,,false_no_registro_sanitario
Boticas Peru,Suplemento Dietetico Inmuno D3 2000Ui Finavida Capsulas Blandas Caja 60 Un,Suplemento Dietetico Inmuno D3 2000Ui Finavida Capsulas Blandas Caja 60 Un,,50.00,PEN,available,https://www.boticasperu.pe/nutricion/complementos_y_suplementos/suplemento_dietetico_inmuno_d3_2000ui_finavida_capsulas_blandas_-_caja_60_un/47587.html,47587,,sfcc_search_update_grid,2026-06-08T00:55:49.101084+00:00,,S/ 50.00 Suplemento Dietético Inmuno D3 2000UI FinaVida Cápsulas Blandas - Caja 60 Un,,false_no_registro_sanitario
Boticas Peru,Diutin Whey Protein Lata 275 G,Diutin Whey Protein Lata 275 G,,80.90,PEN,available,https://www.boticasperu.pe/nutricion/complementos_y_suplementos/diutin_whey_protein_-_lata_275_g/38930.html,38930,,sfcc_search_update_grid,2026-06-08T00:55:49.473013+00:00,,S/ 80.90 Diutin Whey Protein - Lata 275 G,,false_no_registro_sanitario
Boticas Peru,Sp Nutrition Proteina Sabor Vainilla Frasco 470 G,Sp Nutrition Proteina Sabor Vainilla Frasco 470 G,,108.99,PEN,available,https://www.boticasperu.pe/nutricion/complementos_y_suplementos/sp_nutrition_proteina_sabor_vainilla_-_frasco_470_g/46440.html,46440,,sfcc_search_update_grid,2026-06-08T00:55:49.849976+00:00,,S/ 108.99 SP Nutrition Proteína sabor vainilla - Frasco 470 G,,false_no_registro_sanitario
Boticas Peru,Probiotico Activecure Frasco 60 Capsulas Pack 2 Un,Probiotico Activecure Frasco 60 Capsulas Pack 2 Un,,189.00,PEN,available,https://www.boticasperu.pe/botica_en_casa/malestar_estomacal/protectores_digestivos/probiotico_activecure_frasco_60_capsulas_-_pack_2_un/48607.html,48607,,sfcc_search_update_grid,2026-06-08T00:55:50.945967+00:00,,Precio rebajado de S/ 189.00 a S/ 141.80 -25% Probiótico Activecure Frasco 60 capsulas - Pack 2 UN,,false_no_registro_sanitario
Boticas Peru,Nutribela Nutricion Avanzada Frasco 300Gr,Nutribela Nutricion Avanzada Frasco 300Gr,,14.90,PEN,available,https://www.boticasperu.pe/cuidado_personal/cabello-2/nutribela_nutricion_avanzada__-_frasco_300gr/32828.html,32828,,sfcc_search_update_grid,2026-06-08T00:55:55.060444+00:00,,S/ 14.90 Nutribela Nutrición Avanzada - Frasco 300Gr,,false_no_registro_sanitario
Boticas Peru,Biocres Shampoo Duo Nutricion Frasco 415 Ml,Biocres Shampoo Duo Nutricion Frasco 415 Ml,,29.90,PEN,available,https://www.boticasperu.pe/cuidado_personal/cabello/shampoo/biocres/biocres_shampoo_duo_nutricion_-_frasco_415_ml/46911.html,46911,,sfcc_search_update_grid,2026-06-08T00:55:55.064861+00:00,,S/ 29.90 Biocres Shampoo Duo Nutrición - Frasco 415 ML,,false_no_registro_sanitario
Boticas Peru,Acido Folico 800 Mg Tabletas Frasco 100 Un,Acido Folico 800 Mg Tabletas Frasco 100 Un,,44.00,PEN,available,https://www.boticasperu.pe/mama_y_bebe/nutricion_madre/acido_folico_800_mg_tabletas_-_frasco_100_un/01199.html,01199,,sfcc_search_update_grid,2026-06-08T00:55:55.068971+00:00,,S/ 44.00 Acido Folico 800 Mg Tabletas - Frasco 100 UN,,false_no_registro_sanitario
Boticas Peru,Maxxomega 3 Capsulas Blancas Caja 30 Un,Maxxomega 3 Capsulas Blancas Caja 30 Un,,60.00,PEN,available,https://www.boticasperu.pe/nutricion-1/maxxomega_3_capsulas_blancas_-_caja_30_un/48322.html,48322,,sfcc_search_update_grid,2026-06-08T00:55:55.818875+00:00,,S/ 60.00 MaxXomega 3 Cápsulas Blancas - Caja 30 UN,,false_no_registro_sanitario
Boticas Peru,Euvi Colageno Sabor Cappuccino Pote 200 G,Euvi Colageno Sabor Cappuccino Pote 200 G,,59.90,PEN,available,https://www.boticasperu.pe/nutricion/colageno/euvi_colageno_sabor_cappuccino_-_pote_200_g/46404.html,46404,,sfcc_search_update_grid,2026-06-08T00:55:56.935827+00:00,,S/ 59.90 Euvi Colágeno Sabor Cappuccino - Pote 200 G,,false_no_registro_sanitario
Boticas Peru,Euvi Colageno Sabor Cafe Campesino Pote 200 G,Euvi Colageno Sabor Cafe Campesino Pote 200 G,,59.90,PEN,available,https://www.boticasperu.pe/nutricion/colageno/euvi_colageno_sabor_cafe_campesino_-_pote_200_g/46403.html,46403,,sfcc_search_update_grid,2026-06-08T00:55:57.665290+00:00,,S/ 59.90 Euvi Colágeno Sabor Café Campesino - Pote 200 G,,false_no_registro_sanitario
Boticas Peru,Shampoo Pantene Colageno Frasco 300 Ml,Shampoo Pantene Colageno Frasco 300 Ml,,21.90,PEN,available,https://www.boticasperu.pe/cuidado_personal/cabello/acondicionador/pantene/shampoo_pantene_colageno_-_frasco_300_ml/38937.html,38937,,sfcc_search_update_grid,2026-06-08T00:56:04.204586+00:00,,Precio rebajado de S/ 21.90 a S/ 18.50 -16% Shampoo Pantene Colageno - Frasco 300 ML,,false_no_registro_sanitario
Boticas Peru,Acondicionador Pantene Colageno Frasco 250 Ml,Acondicionador Pantene Colageno Frasco 250 Ml,,21.90,PEN,available,https://www.boticasperu.pe/cuidado_personal/cabello/shampoo/pantene/acondicionador_pantene_colageno_-_frasco_250_ml/38938.html,38938,,sfcc_search_update_grid,2026-06-08T00:56:04.205499+00:00,,Precio rebajado de S/ 21.90 a S/ 18.50 -16% Acondicionador Pantene Colágeno - Frasco 250 ML,,false_no_registro_sanitario
Boticas Peru,Shampoo Coquette Colageno %26 Keratina Frasco 400Ml,Shampoo Coquette Colageno %26 Keratina Frasco 400Ml,,15.90,PEN,available,https://www.boticasperu.pe/promociones/cuidado_personal/cabello/coquette/shampoo_coquette_colageno_%26_keratina_-_frasco_400ml/50327.html,50327,,sfcc_search_update_grid,2026-06-08T00:56:04.207291+00:00,,Precio rebajado de S/ 15.90 a S/ 13.50 -15% Shampoo Coquette Colágeno & Keratina - Frasco 400ml,,false_no_registro_sanitario
Boticas Peru,Acondicionador Coquette Colageno %26 Keratina Frasco 400Ml,Acondicionador Coquette Colageno %26 Keratina Frasco 400Ml,,15.90,PEN,available,https://www.boticasperu.pe/promociones/cuidado_personal/cabello/coquette/acondicionador_coquette_colageno_%26_keratina_-_frasco_400ml/50328.html,50328,,sfcc_search_update_grid,2026-06-08T00:56:04.208209+00:00,,Precio rebajado de S/ 15.90 a S/ 13.50 -15% Acondicionador Coquette Colágeno & Keratina - Frasco 400ml,,false_no_registro_sanitario
Boticas Peru,Savital Shampoo Colageno Y Sabila Frasco 510 Ml,Savital Shampoo Colageno Y Sabila Frasco 510 Ml,,14.50,PEN,available,https://www.boticasperu.pe/cuidado_personal/cabello/shampoo/savital/savital_shampoo_colageno_y_sabila_-_frasco_510_ml/45505.html,45505,,sfcc_search_update_grid,2026-06-08T00:56:04.210022+00:00,,Precio rebajado de S/ 14.50 a S/ 11.50 -21% Savital Shampoo Colágeno y Sábila - Frasco 510 Ml,,false_no_registro_sanitario
Boticas Peru,Savital Acondicionador Colageno Y Sabila Frasco 490 Ml,Savital Acondicionador Colageno Y Sabila Frasco 490 Ml,,14.50,PEN,available,https://www.boticasperu.pe/cuidado_personal/cabello/acondicionador/savital/savital_acondicionador_colageno_y_sabila_-_frasco_490_ml/44552.html,44552,,sfcc_search_update_grid,2026-06-08T00:56:04.210943+00:00,,Precio rebajado de S/ 14.50 a S/ 11.50 -21% Savital Acondicionador Colágeno y Sábila - Frasco 490 Ml,,false_no_registro_sanitario
Boticas Peru,Savital Crema Para Peinar Colageno Y Sabila Frasco 275Ml,Savital Crema Para Peinar Colageno Y Sabila Frasco 275Ml,,10.80,PEN,available,https://www.boticasperu.pe/cuidado_personal/cabello/crema_para_peinar/savital_crema_para_peinar_colageno_y_sabila_-_frasco_275ml/32088.html,32088,,sfcc_search_update_grid,2026-06-08T00:56:04.212710+00:00,,S/ 10.80 Savital Crema Para Peinar Colágeno y Sabila - Frasco 275ML,,false_no_registro_sanitario
Boticas Peru,Pantene Crema Para Peinar Colageno Frasco 300 Ml,Pantene Crema Para Peinar Colageno Frasco 300 Ml,,21.80,PEN,available,https://www.boticasperu.pe/cuidado_personal/cabello/crema_para_peinar/pantene_crema_para_peinar_colageno_-_frasco_300_ml/42076.html,42076,,sfcc_search_update_grid,2026-06-08T00:56:04.213615+00:00,,Precio rebajado de S/ 21.80 a S/ 18.50 -15% Pantene Crema Para Peinar Colágeno - Frasco 300 ML,,false_no_registro_sanitario
Boticas Peru,Crema De Peinar Coquette Colageno %2B Keratina Frasco 250Ml,Crema De Peinar Coquette Colageno %2B Keratina Frasco 250Ml,,12.90,PEN,available,https://www.boticasperu.pe/promociones/cuidado_personal/cabello/coquette/crema_de_peinar_coquette_colageno_%2B_keratina_-_frasco_250ml/50329.html,50329,,sfcc_search_update_grid,2026-06-08T00:56:04.214529+00:00,,Precio rebajado de S/ 12.90 a S/ 10.90 -16% Crema de Peinar Coquette Colágeno + Keratina - Frasco 250ml,,false_no_registro_sanitario
Boticas Peru,Garnier Fructis Crema Para Peinar Colageno Jelly Frasco 300Ml,Garnier Fructis Crema Para Peinar Colageno Jelly Frasco 300Ml,,13.90,PEN,available,https://www.boticasperu.pe/promociones/cuidado_personal/cabello/fructis/garnier_fructis_crema_para_peinar_colageno_jelly_-_frasco_300ml/50150.html,50150,,sfcc_search_update_grid,2026-06-08T00:56:04.549615+00:00,,Precio rebajado de S/ 13.90 a S/ 12.90 -7% Garnier Fructis Crema para peinar Colágeno Jelly - Frasco 300Ml,,false_no_registro_sanitario
Boticas Peru,Belleza Latina Pack Toallita Humeda Pepino %2B Crema Facial Colageno,Belleza Latina Pack Toallita Humeda Pepino %2B Crema Facial Colageno,,7.90,PEN,available,https://www.boticasperu.pe/cuidado_personal/corporal/cremas_corporales/belleza_latina_pack_toallita_humeda_pepino_%2B_crema_facial_colageno/47794.html,47794,,sfcc_search_update_grid,2026-06-08T00:56:04.553204+00:00,,S/ 7.90 Belleza Latina Pack Toallita húmeda Pepino + Crema facial colágeno,,false_no_registro_sanitario
Boticas Peru,Fisiotech Esparadrapo Con Oxido Zinc 5 Cm X 4M Caja 1 Un,Fisiotech Esparadrapo Con Oxido Zinc 5 Cm X 4M Caja 1 Un,,15.90,PEN,available,https://www.boticasperu.pe/botiquin/vendas_y_esparadrapo/fisiotech_esparadrapo_con_oxido_zinc_5_cm_x_4m_-_caja_1_un/48652.html,48652,,sfcc_search_update_grid,2026-06-08T00:56:06.409069+00:00,,S/ 15.90 Fisiotech Esparadrapo Con Oxido Zinc 5 Cm x 4M - Caja 1 UN,,false_no_registro_sanitario
Boticas Peru,Enfamil Con Hierro Etapa 2 Lata 375 G,Enfamil Con Hierro Etapa 2 Lata 375 G,,51.20,PEN,available,https://www.boticasperu.pe/mama_y_bebe/formula_infantil/enfamil/enfamil_con_hierro_etapa_2_-_lata_375_g/33702.html,33702,,sfcc_search_update_grid,2026-06-08T00:56:07.589991+00:00,,S/ 51.20 Enfamil con Hierro Etapa 2 - Lata 375 G,,false_no_registro_sanitario
Boticas Peru,Enfamil Con Hierro Etapa 2 Lata 800 G,Enfamil Con Hierro Etapa 2 Lata 800 G,,102.90,PEN,available,https://www.boticasperu.pe/mama_y_bebe/formula_infantil/enfamil/enfamil_con_hierro_etapa_2_-_lata_800_g/33947.html,33947,,sfcc_search_update_grid,2026-06-08T00:56:07.590855+00:00,,S/ 102.90 Enfamil con Hierro Etapa 2 - Lata 800 G,,false_no_registro_sanitario
Boticas Peru,Enfamil Con Hierro Etapa 1 Lata 375 G,Enfamil Con Hierro Etapa 1 Lata 375 G,,51.90,PEN,available,https://www.boticasperu.pe/mama_y_bebe/formula_infantil/enfamil/enfamil_con_hierro_etapa_1_-_lata_375_g/04306.html,04306,,sfcc_search_update_grid,2026-06-08T00:56:07.591717+00:00,,S/ 51.90 Enfamil con Hierro Etapa 1 - Lata 375 G,,false_no_registro_sanitario
Boticas Peru,Enfamil Con Hierro Etapa 1 Lata 800 G,Enfamil Con Hierro Etapa 1 Lata 800 G,,98.90,PEN,available,https://www.boticasperu.pe/mama_y_bebe/formula_infantil/enfamil/enfamil_con_hierro_etapa_1_-_lata_800_g/04474.html,04474,,sfcc_search_update_grid,2026-06-08T00:56:07.592580+00:00,,S/ 98.90 Enfamil con Hierro Etapa 1 - Lata 800 G,,false_no_registro_sanitario
Boticas Peru,Tripack Vitavital Probioticos Con Prebioticos 10 Billion Cfu Frasco 60 Capsulas,Tripack Vitavital Probioticos Con Prebioticos 10 Billion Cfu Frasco 60 Capsulas,,297.00,PEN,available,https://www.boticasperu.pe/promociones/super_packs/tripack_vitavital_probioticos_con_prebioticos_10_billion_cfu-_frasco_60_capsulas/50744-50744-50744.html,50744-50744-50744,,sfcc_search_update_grid,2026-06-08T00:56:08.567944+00:00,,Precio rebajado de S/ 297.00 a S/ 219.00 -26% Tripack Vitavital Probióticos con Prebióticos 10 Billion CFU- Frasco 60 cápsulas,,false_no_registro_sanitario
Boticas Peru,Duo Pack Vitavital Probioticos Con Prebioticos 10 Billion Cfu Frasco 60 Capsulas,Duo Pack Vitavital Probioticos Con Prebioticos 10 Billion Cfu Frasco 60 Capsulas,,198.00,PEN,available,https://www.boticasperu.pe/promociones/super_packs/duo_pack_vitavital_probioticos_con_prebioticos_10_billion_cfu-_frasco_60_capsulas/50744-50744.html,50744-50744,,sfcc_search_update_grid,2026-06-08T00:56:08.568912+00:00,,Precio rebajado de S/ 198.00 a S/ 164.00 -17% Dúo Pack Vitavital Probióticos con Prebióticos 10 Billion CFU- Frasco 60 cápsulas,,false_no_registro_sanitario
Boticas Peru,Ensure Advance Sabor Chocolate Lata 850 G,Ensure Advance Sabor Chocolate Lata 850 G,,103.90,PEN,available,https://www.boticasperu.pe/ensure/ensure_advance_sabor_chocolate_-_lata_850_g/35142.html,35142,,sfcc_search_update_grid,2026-06-08T00:56:10.186882+00:00,,S/ 103.90 Ensure Advance Sabor Chocolate - Lata 850 G,,false_no_registro_sanitario
Boticas Peru,Ensure Advance Sabor Vainilla Lata 850 G,Ensure Advance Sabor Vainilla Lata 850 G,,103.90,PEN,available,https://www.boticasperu.pe/ensure/ensure_advance_sabor_vainilla_-_lata_850_g/20859.html,20859,,sfcc_search_update_grid,2026-06-08T00:56:10.187776+00:00,,S/ 103.90 Ensure Advance Sabor Vainilla - Lata 850 G,,false_no_registro_sanitario
Boticas Peru,Ensure Advance Sabor Vainilla Lata 400 G,Ensure Advance Sabor Vainilla Lata 400 G,,60.00,PEN,available,https://www.boticasperu.pe/ensure/ensure_advance_sabor_vainilla_-_lata_400_g/20858.html,20858,,sfcc_search_update_grid,2026-06-08T00:56:10.188648+00:00,,S/ 60.00 Ensure Advance Sabor Vainilla - Lata 400 G,,false_no_registro_sanitario
Boticas Peru,Ensure Advance Sabor Vainilla Caja 1.4 Kg,Ensure Advance Sabor Vainilla Caja 1.4 Kg,,167.90,PEN,available,https://www.boticasperu.pe/ensure/ensure_advance_sabor_vainilla__-_caja_1.4_kg/37629.html,37629,,sfcc_search_update_grid,2026-06-08T00:56:10.189514+00:00,,S/ 167.90 Ensure Advance Sabor Vainilla - Caja 1.4 KG,,false_no_registro_sanitario
Boticas Peru,Ensure Advance Liquido Vainilla Frasco 220 Ml,Ensure Advance Liquido Vainilla Frasco 220 Ml,,12.90,PEN,available,https://www.boticasperu.pe/ensure/ensure_advance_liquido_vainilla_-_frasco_220_ml/38010.html,38010,,sfcc_search_update_grid,2026-06-08T00:56:10.191236+00:00,,S/ 12.90 Ensure Advance Líquido Vainilla - Frasco 220 ML,,false_no_registro_sanitario
Boticas Peru,Ensure Advance Liquido Chocolate Frasco 220 Ml,Ensure Advance Liquido Chocolate Frasco 220 Ml,,12.90,PEN,available,https://www.boticasperu.pe/ensure/ensure_advance_liquido_chocolate_-_frasco_220_ml/38009.html,38009,,sfcc_search_update_grid,2026-06-08T00:56:10.192113+00:00,,S/ 12.90 Ensure Advance Líquido Chocolate - Frasco 220 ML,,false_no_registro_sanitario
Boticas Peru,Pack 03 Ensure Advance Hmb 1.4 Kg %2B 01 Ensure Advance Hmb 400G %2B Regalo,Pack 03 Ensure Advance Hmb 1.4 Kg %2B 01 Ensure Advance Hmb 400G %2B Regalo,,731.60,PEN,available,https://www.boticasperu.pe/promociones/super_packs/pack_03_ensure_advance_hmb_1.4_kg_%2B_01_ensure_advance_hmb_400g_%2B_regalo/37629-20858.html,37629-20858,,sfcc_search_update_grid,2026-06-08T00:56:10.193102+00:00,,Precio rebajado de S/ 731.60 a S/ 563.70 -23% Pack 03 Ensure Advance HMB 1.4 Kg + 01 Ensure Advance HMB 400G + regalo,,false_no_registro_sanitario
Boticas Peru,Glucerna Sabor Vainilla Lata 400G,Glucerna Sabor Vainilla Lata 400G,,73.90,PEN,available,https://www.boticasperu.pe/adulto_mayor/formulas_adultos/glucerna/glucerna_sabor_vainilla_-_lata_400g/43730.html,43730,,sfcc_search_update_grid,2026-06-08T00:56:10.392265+00:00,,S/ 73.90 Glucerna Sabor Vainilla - Lata 400g,,false_no_registro_sanitario
Boticas Peru,Glucerna Sabor Vainilla Lata 850 G,Glucerna Sabor Vainilla Lata 850 G,,139.90,PEN,available,https://www.boticasperu.pe/adulto_mayor/formulas_adultos/glucerna/glucerna_sabor_vainilla_-_lata_850_g/43729.html,43729,,sfcc_search_update_grid,2026-06-08T00:56:10.393152+00:00,,S/ 139.90 Glucerna Sabor Vainilla - Lata 850 G,,false_no_registro_sanitario
Boticas Peru,Glucerna Liquido Sabor Vainilla Frasco 237 Ml,Glucerna Liquido Sabor Vainilla Frasco 237 Ml,,12.90,PEN,available,https://www.boticasperu.pe/adulto_mayor/formulas_adultos/glucerna/glucerna_liquido_sabor_vainilla_-_frasco_237_ml/27158.html,27158,,sfcc_search_update_grid,2026-06-08T00:56:10.394049+00:00,,S/ 12.90 Glucerna Líquido Sabor Vainilla - Frasco 237 ML,,false_no_registro_sanitario
Boticas Peru,Glucerna Triplecare Liquido Sabor Vainilla 220 Ml,Glucerna Triplecare Liquido Sabor Vainilla 220 Ml,,12.90,PEN,available,https://www.boticasperu.pe/adulto_mayor/formulas_adultos/glucerna/glucerna_triplecare_liquido_sabor_vainilla_220_ml/50087.html,50087,,sfcc_search_update_grid,2026-06-08T00:56:10.394936+00:00,,S/ 12.90 Glucerna Triplecare líquido sabor vainilla 220 Ml,,false_no_registro_sanitario
Boticas Peru,Pediasure Triplesure Vainilla Lata 850 G,Pediasure Triplesure Vainilla Lata 850 G,,103.90,PEN,available,https://www.boticasperu.pe/mama_y_bebe/formula_infantil/pediasure/pediasure_triplesure_vainilla_-_lata_850_g/47993.html,47993,,sfcc_search_update_grid,2026-06-08T00:56:10.629015+00:00,,S/ 103.90 Pediasure Triplesure Vainilla - Lata 850 G,,false_no_registro_sanitario
Boticas Peru,Pediasure Triplesure Chocolate Lata 850 G,Pediasure Triplesure Chocolate Lata 850 G,,103.90,PEN,available,https://www.boticasperu.pe/mama_y_bebe/formula_infantil/pediasure/pediasure_triplesure_chocolate_-_lata_850_g/47994.html,47994,,sfcc_search_update_grid,2026-06-08T00:56:10.629908+00:00,,S/ 103.90 Pediasure Triplesure Chocolate - Lata 850 G,,false_no_registro_sanitario
Boticas Peru,Pediasure Liquido Sabor Vainilla Frasco 220 Ml,Pediasure Liquido Sabor Vainilla Frasco 220 Ml,,11.50,PEN,available,https://www.boticasperu.pe/mama_y_bebe/formula_infantil/pediasure/pediasure_liquido_sabor_vainilla_-_frasco_220_ml/38064.html,38064,,sfcc_search_update_grid,2026-06-08T00:56:10.630806+00:00,,S/ 11.50 Pediasure Líquido Sabor Vainilla - Frasco 220 ML,,false_no_registro_sanitario
Boticas Peru,Pediasure Liquido Sabor Chocolate Frasco 220 Ml,Pediasure Liquido Sabor Chocolate Frasco 220 Ml,,11.50,PEN,available,https://www.boticasperu.pe/mama_y_bebe/formula_infantil/pediasure/pediasure_liquido_sabor_chocolate_-_frasco_220_ml/49294.html,49294,,sfcc_search_update_grid,2026-06-08T00:56:10.631700+00:00,,S/ 11.50 Pediasure Líquido Sabor Chocolate - Frasco 220 ML,,false_no_registro_sanitario
Boticas Peru,Pediasure 10%2B Vainilla Lata 850 Gr,Pediasure 10%2B Vainilla Lata 850 Gr,,98.00,PEN,available,https://www.boticasperu.pe/mama_y_bebe/formula_infantil/pediasure/pediasure_10%2B_vainilla-_lata_850_gr/49001.html,49001,,sfcc_search_update_grid,2026-06-08T00:56:10.632574+00:00,,S/ 98.00 Pediasure 10+ Vainilla- Lata 850 Gr,,false_no_registro_sanitario
Boticas Peru,Pediasure 10%2B Liquido Vainilla Frasco 220 Ml,Pediasure 10%2B Liquido Vainilla Frasco 220 Ml,,9.80,PEN,available,https://www.boticasperu.pe/mama_y_bebe/formula_infantil/pediasure/pediasure_10%2B_liquido_vainilla-_frasco_220_ml/49002.html,49002,,sfcc_search_update_grid,2026-06-08T00:56:10.633430+00:00,,S/ 9.80 Pediasure 10+ Liquido Vainilla- Frasco 220 ML,,false_no_registro_sanitario
Boticas Peru,Pediasure Triplesure Vainilla Lata 400 G,Pediasure Triplesure Vainilla Lata 400 G,,58.90,PEN,available,https://www.boticasperu.pe/mama_y_bebe/formula_infantil/pediasure/pediasure_triplesure_vainilla_-_lata_400_g/48180.html,48180,,sfcc_search_update_grid,2026-06-08T00:56:10.634373+00:00,,S/ 58.90 Pediasure Triplesure Vainilla - Lata 400 G,,false_no_registro_sanitario
Boticas Peru,Pediasure Triplesure Chocolate Lata 400 G,Pediasure Triplesure Chocolate Lata 400 G,,58.90,PEN,available,https://www.boticasperu.pe/mama_y_bebe/formula_infantil/pediasure/pediasure_triplesure__chocolate_-_lata_400_g/48181.html,48181,,sfcc_search_update_grid,2026-06-08T00:56:10.635281+00:00,,S/ 58.90 Pediasure Triplesure Chocolate - Lata 400 G,,false_no_registro_sanitario
Boticas Peru,Pediasure Triplesure Chocolate Lata 1.6 Kg,Pediasure Triplesure Chocolate Lata 1.6 Kg,,178.90,PEN,available,https://www.boticasperu.pe/promociones/mama_y_bebe/formulas_ninos/pediasure/pediasure_triplesure_chocolate_-_lata_1.6_kg/48179.html,48179,,sfcc_search_update_grid,2026-06-08T00:56:10.636149+00:00,,S/ 178.90 Pediasure Triplesure Chocolate - Lata 1.6 Kg,,false_no_registro_sanitario
Boticas Peru,Pediasure Triplesure Vainilla Lata 1.6 Kg,Pediasure Triplesure Vainilla Lata 1.6 Kg,,178.90,PEN,available,https://www.boticasperu.pe/promociones/mama_y_bebe/formulas_ninos/pediasure/pediasure_triplesure_vainilla_-_lata_1.6_kg/48178.html,48178,,sfcc_search_update_grid,2026-06-08T00:56:10.637013+00:00,,S/ 178.90 Pediasure Triplesure Vainilla - Lata 1.6 Kg,,false_no_registro_sanitario
